"variable","RENTED_BIKE_COUNT"
"TEMPERATURE",0.562809687470784
"HUMIDITY",-0.201972669582887
"WIND_SPEED",0.125021945876996
"VISIBILITY",0.21232277570309
"DEW_POINT_TEMPERATURE",0.400262829321465
"SOLAR_RADIATION",0.273861550571759
"RAINFALL",-0.128626093054012
"SNOWFALL",-0.15161075292932
